[{"pk": 1, "model": "catalog.host", "fields": {"category": 1, "links_back": 0, "hits": 0, "description": "BlueHost has been providing hosting solutions to thousands of business and personal web sites since 1996. Our internet hosting package helps businesses and individuals get high-powered service at a fraction of the cost.", "url": "http://www.tkqlhce.com/click-3316503-10376736", "image": "hosts/Picture_7.png", "link_back_required": 0, "featured": 0, "user": 1, "link_back_url": "", "active": 1, "slug": "bluehost", "name": "BlueHost"}}, {"pk": 195, "model": "catalog.host", "fields": {"category": 1, "links_back": 0, "hits": 0, "description": "Webhostingpad.com was formed in 2005 with a team of very successful and proven industry veterans intent on delivering the best value in web hosting. With the growing need for affordable hosting, the company set out to deliver the best web hosting at a price where everyone can afford to have their piece of the world wide web. Webhostingpad.com remains committed to delivering the best value in Internet hosting by providing a safe, reliable and efficient process to create an Internet presence, all with a price structure driven by value.", "url": "http://www.webhostingpad.com/2838.html", "image": "hosts/Picture_5.png", "link_back_required": 0, "featured": 0, "user": 1, "link_back_url": "", "active": 1, "slug": "hostingpad", "name": "HostingPad"}}, {"pk": 192, "model": "catalog.host", "fields": {"category": 1, "links_back": 0, "hits": 0, "description": "HostMonster has been providing hosting solutions to thousands of business and personal web sites since 1996. Our internet hosting package helps businesses and individuals get high-powered service at a fraction of the cost.", "url": "http://www.hostmonster.com/track/jasber/hc", "image": "hosts/Picture_1___.png", "link_back_required": 0, "featured": 0, "user": 1, "link_back_url": "", "active": 1, "slug": "hostmonster", "name": "HostMonster"}}, {"pk": 193, "model": "catalog.host", "fields": {"category": 1, "links_back": 0, "hits": 0, "description": "HostRocket offers reliable, affordable dedicated and shared web hosting for both professional and personal websites. We provide cheap, secure domain hosting packages ranging from very basic, shared hosting to high bandwidth and high storage dedicated hosting.", "url": "http://affiliatecenter.hostrocket.com//idevaffiliate.php?id=5148", "image": "hosts/Picture_2.png", "link_back_required": 0, "featured": 0, "user": 1, "link_back_url": "", "active": 1, "slug": "hostrocket", "name": "HostRocket"}}, {"pk": 194, "model": "catalog.host", "fields": {"category": 1, "links_back": 0, "hits": 0, "description": "Just Host are dedicated to providing their customers with the most reliable web hosting service possible.\r\nAffordable price plans, secure servers, first class 24/7 technical support and a wide range of features\r\nmake hosting your website with Just Host the obvious choice.", "url": "http://www.kqzyfj.com/click-3316503-10589817", "image": "hosts/Picture_3.png", "link_back_required": 0, "featured": 0, "user": 1, "link_back_url": "", "active": 1, "slug": "justhost", "name": "JustHost"}}, {"pk": 196, "model": "catalog.host", "fields": {"category": 1, "links_back": 0, "hits": 0, "description": "At HostPapa, we consider every one of our customers to be a part of our family. That's why our motto is \"Let Papa take care of you\".\r\n\r\nWe understand that our customers' web sites are important and that they need to be able to count on us to ensure that their service is not interrupted.\r\n\r\nWe have established a solid foundation to offer a hosting solution for small-to-medium sized businesses that is reliable, easy-to-use, and customer service-oriented, all for a low cost.", "url": "http://hostpapa.com/cgi-bin/affiliates/clickthru.cgi?id=Jasber", "image": "hosts/supportsuite.gif", "link_back_required": 0, "featured": 0, "user": 1, "link_back_url": "", "active": 1, "slug": "host-papa", "name": "Host Papa"}}, {"pk": 197, "model": "catalog.host", "fields": {"category": 1, "links_back": 0, "hits": 1, "description": "Yahoo! is committed to making your online business a success. To prove we offer the best web hosting plan, we are pleased to offer our 30-Day Satisfaction Guarantee!\r\nIf you're not completely happy with your service within 30 days of ordering Yahoo! Web Hosting, we'll refund your hosting fee.", "url": "http://www.anrdoezrs.net/click-3316503-10492621", "image": "hosts/y3.gif", "link_back_required": 0, "featured": 0, "user": 1, "link_back_url": "", "active": 1, "slug": "yahoo", "name": "Yahoo!"}}, {"pk": 198, "model": "catalog.host", "fields": {"category": 1, "links_back": 0, "hits": 0, "description": "GoDaddy.com hosting plans are ideal for most individuals and small businesses. We're the affordable, reliable place to host your site, offering features like a 99.9% network uptime commitment and 24/7 support.", "url": "http://www.tkqlhce.com/click-3316503-10378494", "image": "hosts/10382133.gif.jpeg", "link_back_required": 0, "featured": 0, "user": 1, "link_back_url": "", "active": 1, "slug": "godaddy", "name": "GoDaddy"}}, {"pk": 199, "model": "catalog.host", "fields": {"category": 1, "links_back": 0, "hits": 0, "description": "IPOWER, Inc., founded in October 2001, provides web hosting and web services for small- and medium-sized businesses worldwide looking to build, manage, promote and profit from an online presence. The company, which offers domain registration, web site hosting, e-commerce tools, merchant services, application hosting, online marketing, site optimization services, and web site design, is also famous for the speed and effectiveness of its customer support.", "url": "http://www.jdoqocy.com/click-3316503-10398311", "image": "hosts/Picture_6.png", "link_back_required": 0, "featured": 0, "user": 1, "link_back_url": "", "active": 1, "slug": "ipower", "name": "IPOWER"}}, {"pk": 200, "model": "catalog.host", "fields": {"category": 1, "links_back": 0, "hits": 0, "description": "HostGator.com, LLC is a world leading provider of shared, reseller, and dedicated web hosting. Privately held and based in Houston, Texas, the company was founded in 2002 by current President and CEO Brent Oxley, who started the company from his dorm room at Florida Atlantic University. Since then, HostGator has grown from a small hosting company with just three servers into a world leading and industry recognized hosting provider with more than 5,000 servers under management. The over one million domains hosted by HostGator make up approximately 1% of the world's Internet traffic.", "url": "http://www.dpbolvw.net/click-3316503-10410811", "image": "hosts/10414006.gif", "link_back_required": 0, "featured": 0, "user": 1, "link_back_url": "", "active": 1, "slug": "host-gator", "name": "Host Gator"}}, {"pk": 201, "model": "catalog.host", "fields": {"category": 1, "links_back": 0, "hits": 0, "description": "Since 1999, PowWeb has offered a low-cost, feature-rich Web hosting platform that appeals to a broad spectrum of users. Our all-inclusive \u201cOne Plan\u201d takes the hassle out of finding the perfect hosting solution. Whether customers are small business owners or are running a state-of-the-art Web 2.0 application site, PowWeb provides the uptime and features they\u2019ll need.", "url": "http://www.anrdoezrs.net/click-3316503-10394288", "image": "hosts/10315183.gif", "link_back_required": 0, "featured": 0, "user": 1, "link_back_url": "", "active": 1, "slug": "powweb", "name": "PowWeb"}}, {"pk": 202, "model": "catalog.host", "fields": {"category": 1, "links_back": 0, "hits": 0, "description": "There are thousands of web hosting services so why choose Lunarpages? When comparing web hosts it is important not only to consider a price difference of a dollar or two. Although we offer more data transfer and storage resources then you will likely ever utilize, we prefer to focus on something much more important, reliable web hosting and great customer service. Above all we take care of you personally and attentively with 24-7 award winning customer support. It's all about making sure your website and email remain online and you are happy. It's not just technical support to us; it's about caring for people since 1998. Phone us any time and become part of the rapidly growing Lunarpages web hosting family. We are rated #1 in the world. Call us now and find out why.\r\n", "url": "http://www.anrdoezrs.net/click-3316503-8242916", "image": "hosts/logo2.png", "link_back_required": 0, "featured": 0, "user": 1, "link_back_url": "", "active": 1, "slug": "lunarpages", "name": "Lunarpages"}}, {"pk": 203, "model": "catalog.host", "fields": {"category": 1, "links_back": 0, "hits": 0, "description": "StartLogic is a leading provider of Web-hosting solutions and services for global business. Across the globe, businesses depend on StartLogic's easy-to-use, advanced and reliable load-balanced architecture, as well as responsive and knowledgable customer service to power their online presence.\r\n\r\nStartLogic offers a full line of solutions for personal, business, government and education customers.", "url": "http://www.anrdoezrs.net/click-3316503-10387606", "image": "hosts/startlogic_logo.gif", "link_back_required": 0, "featured": 0, "user": 1, "link_back_url": "", "active": 1, "slug": "startlogic", "name": "StartLogic"}}, {"pk": 204, "model": "catalog.host", "fields": {"category": 1, "links_back": 0, "hits": 0, "description": "Reliability and support are major factors when considering a hosting provider. That\u2019s why IX Web Hosting has just built a state-of-the-art Data Center, capable of storing up to 10,000 web servers! IX Web Hosting also provides a full team of round-the clock technicians and a separate Call Center also offering 24/7 customer support. IX offers three plans to fit all features and pricing needs.", "url": "http://www.kqzyfj.com/click-3316503-10394256", "image": "hosts/header_logo.gif", "link_back_required": 0, "featured": 0, "user": 1, "link_back_url": "", "active": 1, "slug": "ix-web-hosting", "name": "IX Web Hosting"}}, {"pk": 205, "model": "catalog.host", "fields": {"category": 1, "links_back": 0, "hits": 0, "description": "FatCow was born in 1998 and the rest is history. We've grown our company with a dedicated group of talented believers in the notion that simple, old fashioned service and value still ring true. FatCow has focused our entire company on delivering the best value and customer service experience in Web hosting to the small business user. We make every effort to make our services easy to own, easy to use and most importantly to provide real business value. And yes, we like to have fun doing it.", "url": "http://www.jdoqocy.com/click-3316503-10492159", "image": "hosts/10443943.gif", "link_back_required": 0, "featured": 0, "user": 1, "link_back_url": "", "active": 1, "slug": "fatcow", "name": "FatCow"}}, {"pk": 206, "model": "catalog.host", "fields": {"category": 1, "links_back": 0, "hits": 0, "description": "Webhostingpad.com was formed in 2005 with a team of very successful and proven industry veterans intent on delivering the best value in web hosting. With the growing need for affordable hosting, the company set out to deliver the best web hosting at a price where everyone can afford to have their piece of the world wide web. Webhostingpad.com remains committed to delivering the best value in Internet hosting by providing a safe, reliable and efficient process to create an Internet presence, all with a price structure driven by value.", "url": "http://www.kqzyfj.com/click-3316503-10555752", "image": "hosts/Picture_8.png", "link_back_required": 0, "featured": 0, "user": 1, "link_back_url": "", "active": 1, "slug": "web-hosting-pad", "name": "Web Hosting Pad"}}, {"pk": 1, "model": "catalog.category", "fields": {"description": "Shared Hosting providers are perfect for small sites that don't require a lot of space of bandwidth.", "order": 0, "name": "Shared Hosting", "parent": null, "slug": "shared-hosting"}}, {"pk": 98, "model": "catalog.comment", "fields": {"website": "", "name": "", "text": "test", "active": -1, "host": 1, "ip": null, "date": "2009-01-06 20:22:29", "email": ""}}, {"pk": 143, "model": "catalog.comment", "fields": {"website": "", "name": "Brad", "text": "This is an awesome host. I seriously love them!", "active": -1, "host": 1, "ip": null, "date": "2009-01-06 20:42:49", "email": "bjasper@gmail.com"}}, {"pk": 142, "model": "catalog.comment", "fields": {"website": "", "name": "Brad", "text": "I love this hosting company. Seriously rocks!", "active": -1, "host": 1, "ip": null, "date": "2009-01-06 20:42:49", "email": "bjasper@gmail.com"}}, {"pk": 144, "model": "catalog.comment", "fields": {"website": "", "name": "Mike", "text": "They totally suck. Like really. Suckage!", "active": -1, "host": 1, "ip": null, "date": "2009-01-06 20:42:49", "email": "mike@mike.com"}}, {"pk": 145, "model": "catalog.comment", "fields": {"website": "", "name": "Brad", "text": "This is awesome!", "active": -1, "host": 1, "ip": null, "date": "2009-01-06 21:52:43", "email": "bjasper@gmail.com"}}, {"pk": 146, "model": "catalog.comment", "fields": {"website": "", "name": "Boob", "text": "sdfssdfsdf", "active": -1, "host": 1, "ip": null, "date": "2009-01-06 21:52:43", "email": "blbo@sdf.com"}}, {"pk": 303, "model": "catalog.comment", "fields": {"website": "", "name": "Jezeba", "text": "Hey hey hey!", "active": -1, "host": 1, "ip": "127.0.0.1", "date": "2009-01-06 23:29:43", "email": "bjasper@gmail.com"}}, {"pk": 304, "model": "catalog.comment", "fields": {"website": "", "name": "Brad", "text": "This host is awesome!", "active": 1, "host": 1, "ip": "127.0.0.1", "date": "2009-01-06 23:29:43", "email": "bjasper@gmail.com"}}, {"pk": 305, "model": "catalog.comment", "fields": {"website": "", "name": "Jezeba", "text": "Boom Yeah!", "active": -1, "host": 1, "ip": "127.0.0.1", "date": "2009-01-06 23:29:43", "email": "jez@ba.com"}}, {"pk": 334, "model": "catalog.comment", "fields": {"website": "", "name": "PissedOff", "text": "I hate them and I'm pissed!", "active": -1, "host": 1, "ip": "127.0.0.1", "date": "2009-01-06 23:39:07", "email": "pissed@gmail.com"}}, {"pk": 2654, "model": "catalog.comment", "fields": {"website": "", "name": "Brad", "text": "Test", "active": 1, "host": 1, "ip": "127.0.0.1", "date": "2009-01-11 14:17:24", "email": "bjasper@gmail.com"}}, {"pk": 2653, "model": "catalog.comment", "fields": {"website": "", "name": "Santa", "text": "This host sucks!", "active": 1, "host": 1, "ip": "127.0.0.1", "date": "2009-01-11 14:17:03", "email": "santa@northpole.com"}}, {"pk": 2647, "model": "catalog.comment", "fields": {"website": "http://google.com/", "name": "Bradley", "text": "This is a terrible host!", "active": -1, "host": 1, "ip": "127.0.0.1", "date": "2009-01-09 20:59:33", "email": "bjasper@gmail.com"}}, {"pk": 2652, "model": "catalog.comment", "fields": {"website": "", "name": "EJ", "text": "Good Site, Easy to Use", "active": -1, "host": 1, "ip": "127.0.0.1", "date": "2009-01-11 14:16:35", "email": "JasperEdwardJ@JohnDeere.com"}}, {"pk": 2645, "model": "catalog.comment", "fields": {"website": "", "name": "Jezeba", "text": "This website is terrible!", "active": -1, "host": 1, "ip": "127.0.0.1", "date": "2009-01-09 18:16:03", "email": "bradley@boom.com"}}, {"pk": 2651, "model": "catalog.comment", "fields": {"website": "", "name": "Laura", "text": "Great host!", "active": 1, "host": 1, "ip": "127.0.0.1", "date": "2009-01-11 14:16:35", "email": "lolajasper@gmail.com"}}, {"pk": 2649, "model": "catalog.comment", "fields": {"website": "", "name": "bradley", "text": "i have never been so turned on by one basic looking website. change the pea green and i will buy it for one million dollars", "active": -1, "host": 1, "ip": "127.0.0.1", "date": "2009-01-09 22:37:14", "email": "bjasper@gmail.com"}}, {"pk": 2650, "model": "catalog.comment", "fields": {"website": "", "name": "Daisy Duke", "text": "Boom Boom Boom", "active": -1, "host": 1, "ip": "127.0.0.1", "date": "2009-01-11 02:19:02", "email": "bjasper@gmail.com"}}, {"pk": 2655, "model": "catalog.comment", "fields": {"website": "", "name": "Boom", "text": "Loopy Loo!", "active": 1, "host": 195, "ip": "127.0.0.1", "date": "2009-01-11 22:28:11", "email": "sdf@jksldf.com"}}, {"pk": 2656, "model": "catalog.comment", "fields": {"website": "", "name": "Brad", "text": "Host Papa is amazing!", "active": 1, "host": 196, "ip": "127.0.0.1", "date": "2009-01-11 22:28:11", "email": "bjasper@gmail.com"}}, {"pk": 147, "model": "catalog.karma", "fields": {"comment": 144, "ip": "127.0.0.1", "value": 1}}, {"pk": 148, "model": "catalog.karma", "fields": {"comment": 143, "ip": "127.0.0.1", "value": 1}}, {"pk": 240, "model": "catalog.karma", "fields": {"comment": 304, "ip": "127.0.0.1", "value": 1}}, {"pk": 316, "model": "catalog.karma", "fields": {"comment": 304, "ip": "12.217.117.143", "value": 1}}, {"pk": 321, "model": "catalog.karma", "fields": {"comment": 2654, "ip": "127.0.0.1", "value": 1}}, {"pk": 320, "model": "catalog.karma", "fields": {"comment": 2651, "ip": "127.0.0.1", "value": 1}}, {"pk": 319, "model": "catalog.karma", "fields": {"comment": 2650, "ip": "127.0.0.1", "value": 1}}, {"pk": 1060, "model": "catalog.rating", "fields": {"comment": 304, "type": 4, "value": 5.0}}, {"pk": 1061, "model": "catalog.rating", "fields": {"comment": 304, "type": 6, "value": 0.0}}, {"pk": 1062, "model": "catalog.rating", "fields": {"comment": 304, "type": 5, "value": 0.0}}, {"pk": 1063, "model": "catalog.rating", "fields": {"comment": 305, "type": 4, "value": 0.0}}, {"pk": 1064, "model": "catalog.rating", "fields": {"comment": 305, "type": 6, "value": 1.0}}, {"pk": 1065, "model": "catalog.rating", "fields": {"comment": 305, "type": 5, "value": 5.0}}, {"pk": 1141, "model": "catalog.rating", "fields": {"comment": 334, "type": 6, "value": 1.0}}, {"pk": 1140, "model": "catalog.rating", "fields": {"comment": 334, "type": 4, "value": 1.0}}, {"pk": 1142, "model": "catalog.rating", "fields": {"comment": 334, "type": 5, "value": 1.0}}, {"pk": 8101, "model": "catalog.rating", "fields": {"comment": 2654, "type": 5, "value": 3.0}}, {"pk": 8100, "model": "catalog.rating", "fields": {"comment": 2654, "type": 6, "value": 3.0}}, {"pk": 8099, "model": "catalog.rating", "fields": {"comment": 2654, "type": 4, "value": 3.0}}, {"pk": 8098, "model": "catalog.rating", "fields": {"comment": 2653, "type": 5, "value": 1.0}}, {"pk": 8097, "model": "catalog.rating", "fields": {"comment": 2653, "type": 6, "value": 1.0}}, {"pk": 8096, "model": "catalog.rating", "fields": {"comment": 2653, "type": 4, "value": 1.0}}, {"pk": 8095, "model": "catalog.rating", "fields": {"comment": 2652, "type": 5, "value": 4.0}}, {"pk": 8094, "model": "catalog.rating", "fields": {"comment": 2652, "type": 6, "value": 4.0}}, {"pk": 8093, "model": "catalog.rating", "fields": {"comment": 2652, "type": 4, "value": 5.0}}, {"pk": 8074, "model": "catalog.rating", "fields": {"comment": 2645, "type": 5, "value": 5.0}}, {"pk": 8073, "model": "catalog.rating", "fields": {"comment": 2645, "type": 6, "value": 5.0}}, {"pk": 8072, "model": "catalog.rating", "fields": {"comment": 2645, "type": 4, "value": 5.0}}, {"pk": 8078, "model": "catalog.rating", "fields": {"comment": 2647, "type": 4, "value": 1.0}}, {"pk": 8079, "model": "catalog.rating", "fields": {"comment": 2647, "type": 6, "value": 0.0}}, {"pk": 8080, "model": "catalog.rating", "fields": {"comment": 2647, "type": 5, "value": 0.0}}, {"pk": 8092, "model": "catalog.rating", "fields": {"comment": 2651, "type": 5, "value": 5.0}}, {"pk": 8091, "model": "catalog.rating", "fields": {"comment": 2651, "type": 6, "value": 5.0}}, {"pk": 8090, "model": "catalog.rating", "fields": {"comment": 2651, "type": 4, "value": 5.0}}, {"pk": 8084, "model": "catalog.rating", "fields": {"comment": 2649, "type": 4, "value": 2.0}}, {"pk": 8085, "model": "catalog.rating", "fields": {"comment": 2649, "type": 6, "value": 2.0}}, {"pk": 8086, "model": "catalog.rating", "fields": {"comment": 2649, "type": 5, "value": 2.0}}, {"pk": 8087, "model": "catalog.rating", "fields": {"comment": 2650, "type": 4, "value": 5.0}}, {"pk": 8088, "model": "catalog.rating", "fields": {"comment": 2650, "type": 6, "value": 4.0}}, {"pk": 8089, "model": "catalog.rating", "fields": {"comment": 2650, "type": 5, "value": 4.0}}, {"pk": 8102, "model": "catalog.rating", "fields": {"comment": 2655, "type": 4, "value": 5.0}}, {"pk": 8103, "model": "catalog.rating", "fields": {"comment": 2655, "type": 6, "value": 2.0}}, {"pk": 8104, "model": "catalog.rating", "fields": {"comment": 2655, "type": 5, "value": 5.0}}, {"pk": 8105, "model": "catalog.rating", "fields": {"comment": 2656, "type": 4, "value": 5.0}}, {"pk": 8106, "model": "catalog.rating", "fields": {"comment": 2656, "type": 6, "value": 5.0}}, {"pk": 8107, "model": "catalog.rating", "fields": {"comment": 2656, "type": 5, "value": 5.0}}, {"pk": 4, "model": "catalog.ratingtype", "fields": {"limit": 5, "name": "Features"}}, {"pk": 5, "model": "catalog.ratingtype", "fields": {"limit": 5, "name": "Support"}}, {"pk": 6, "model": "catalog.ratingtype", "fields": {"limit": 5, "name": "Uptime"}}, {"pk": 1, "model": "catalog.feature", "fields": {"host": 1, "type": 1, "value": "7.95"}}, {"pk": 2, "model": "catalog.feature", "fields": {"host": 1, "type": 2, "value": "0"}}, {"pk": 3, "model": "catalog.feature", "fields": {"host": 1, "type": 3, "value": "0"}}, {"pk": 19, "model": "catalog.feature", "fields": {"host": 195, "type": 3, "value": "0"}}, {"pk": 18, "model": "catalog.feature", "fields": {"host": 195, "type": 2, "value": "0"}}, {"pk": 17, "model": "catalog.feature", "fields": {"host": 195, "type": 1, "value": "4.95"}}, {"pk": 8, "model": "catalog.feature", "fields": {"host": 192, "type": 1, "value": "5.95"}}, {"pk": 9, "model": "catalog.feature", "fields": {"host": 192, "type": 2, "value": "0"}}, {"pk": 10, "model": "catalog.feature", "fields": {"host": 192, "type": 3, "value": "0"}}, {"pk": 11, "model": "catalog.feature", "fields": {"host": 193, "type": 1, "value": "6.99"}}, {"pk": 12, "model": "catalog.feature", "fields": {"host": 193, "type": 2, "value": "0"}}, {"pk": 13, "model": "catalog.feature", "fields": {"host": 193, "type": 3, "value": "0"}}, {"pk": 14, "model": "catalog.feature", "fields": {"host": 194, "type": 1, "value": "5.95"}}, {"pk": 15, "model": "catalog.feature", "fields": {"host": 194, "type": 2, "value": "0"}}, {"pk": 16, "model": "catalog.feature", "fields": {"host": 194, "type": 3, "value": "0"}}, {"pk": 20, "model": "catalog.feature", "fields": {"host": 196, "type": 1, "value": "6.95"}}, {"pk": 21, "model": "catalog.feature", "fields": {"host": 196, "type": 2, "value": "0"}}, {"pk": 22, "model": "catalog.feature", "fields": {"host": 196, "type": 3, "value": "0"}}, {"pk": 23, "model": "catalog.feature", "fields": {"host": 197, "type": 1, "value": "8.96"}}, {"pk": 24, "model": "catalog.feature", "fields": {"host": 197, "type": 2, "value": "0"}}, {"pk": 25, "model": "catalog.feature", "fields": {"host": 197, "type": 3, "value": "0"}}, {"pk": 26, "model": "catalog.feature", "fields": {"host": 198, "type": 1, "value": "4.74"}}, {"pk": 27, "model": "catalog.feature", "fields": {"host": 198, "type": 2, "value": "300000"}}, {"pk": 28, "model": "catalog.feature", "fields": {"host": 198, "type": 3, "value": "10000"}}, {"pk": 29, "model": "catalog.feature", "fields": {"host": 199, "type": 1, "value": "4.95"}}, {"pk": 30, "model": "catalog.feature", "fields": {"host": 199, "type": 2, "value": "15000000"}}, {"pk": 31, "model": "catalog.feature", "fields": {"host": 199, "type": 3, "value": "1500000"}}, {"pk": 32, "model": "catalog.feature", "fields": {"host": 200, "type": 1, "value": "6.95"}}, {"pk": 33, "model": "catalog.feature", "fields": {"host": 200, "type": 2, "value": "0"}}, {"pk": 34, "model": "catalog.feature", "fields": {"host": 200, "type": 3, "value": "0"}}, {"pk": 35, "model": "catalog.feature", "fields": {"host": 201, "type": 1, "value": "3.88"}}, {"pk": 36, "model": "catalog.feature", "fields": {"host": 201, "type": 2, "value": "15000000"}}, {"pk": 37, "model": "catalog.feature", "fields": {"host": 201, "type": 3, "value": "1500000"}}, {"pk": 38, "model": "catalog.feature", "fields": {"host": 202, "type": 1, "value": "6.95"}}, {"pk": 39, "model": "catalog.feature", "fields": {"host": 202, "type": 2, "value": "15000000"}}, {"pk": 40, "model": "catalog.feature", "fields": {"host": 202, "type": 3, "value": "1500000"}}, {"pk": 41, "model": "catalog.feature", "fields": {"host": 203, "type": 1, "value": "4.95"}}, {"pk": 42, "model": "catalog.feature", "fields": {"host": 203, "type": 2, "value": "60000000"}}, {"pk": 43, "model": "catalog.feature", "fields": {"host": 203, "type": 3, "value": "600000000"}}, {"pk": 44, "model": "catalog.feature", "fields": {"host": 204, "type": 1, "value": "5.95"}}, {"pk": 45, "model": "catalog.feature", "fields": {"host": 204, "type": 2, "value": "0"}}, {"pk": 46, "model": "catalog.feature", "fields": {"host": 204, "type": 3, "value": "0"}}, {"pk": 47, "model": "catalog.feature", "fields": {"host": 205, "type": 1, "value": "6.50"}}, {"pk": 48, "model": "catalog.feature", "fields": {"host": 205, "type": 2, "value": "15000000"}}, {"pk": 49, "model": "catalog.feature", "fields": {"host": 205, "type": 3, "value": "1500000"}}, {"pk": 50, "model": "catalog.feature", "fields": {"host": 206, "type": 1, "value": "4.95"}}, {"pk": 51, "model": "catalog.feature", "fields": {"host": 206, "type": 2, "value": "0"}}, {"pk": 52, "model": "catalog.feature", "fields": {"host": 206, "type": 3, "value": "0"}}, {"pk": 1, "model": "catalog.featuretype", "fields": {"prefix": "$", "name": "Price", "suffix": "/per month"}}, {"pk": 2, "model": "catalog.featuretype", "fields": {"prefix": "", "name": "Bandwidth", "suffix": "MB"}}, {"pk": 3, "model": "catalog.featuretype", "fields": {"prefix": "", "name": "Space", "suffix": "MB"}}]
